Era,year,area,month,age 1 all,age 1 fems,age 1 trans,age1 fems+trans,age 2 all,age 2 males,per age 2 males (r2),age 3 all,older shrimp,older/first ((1-P)*/P),first/older (P*/(1-P),per primary fem (1-r1),percent age 1,number of males,number of shrimp,ratio of males
1966-1980,1966,19,September,527,21,200,221,804,0,0.00,0,804,1.53,0.66,0.42,0.40,306,1331,0.230
1966-1980,1966,19,October,309,9,158,167,396,0,0.00,4,400,1.29,0.77,0.54,0.44,142,709,0.200
1966-1980,1966,20,September,884,3,345,348,1129,0,0.00,30,"1,159",1.31,0.76,0.39,0.43,536,2043,0.262
1966-1980,1966,20,October,334,3,124,127,352,0,0.00,2,354,1.06,0.94,0.38,0.49,207,688,0.301
1966-1980,1966,21,September,102,0,1,1,119,6,0.05,5,124,1.22,0.82,0.01,0.45,107,226,0.473
1966-1980,1966,22,September,425,1,2,3,757,94,0.12,17,774,1.82,0.55,0.01,0.35,516,1199,0.430
1966-1980,1967,19,October,206,131,1,132,39,0,0.00,13,52,0.25,3.96,0.64,0.80,74,258,0.287
1966-1980,1967,20,September,606,133,29,162,219,0,0.00,163,382,0.63,1.59,0.27,0.61,444,988,0.449
1966-1980,1967,20,October,372,166,4,170,111,0,0.00,44,155,0.42,2.40,0.46,0.71,202,527,0.383
1966-1980,1967,22,September,201,53,32,85,93,0,0.00,14,107,0.53,1.88,0.42,0.65,116,308,0.377
1966-1980,1967,22,October,245,23,1,24,157,1,0.01,3,160,0.65,1.53,0.10,0.60,222,405,0.548
1966-1980,1967,24,September,126,20,7,27,53,13,0.25,66,119,0.94,1.06,0.21,0.51,112,245,0.457
1966-1980,1967,26,September,55,6,6,12,9,1,0.11,62,71,1.29,0.77,0.22,0.44,44,126,0.349
1966-1980,1967,28,September,90,7,3,10,61,13,0.21,66,127,1.41,0.71,0.11,0.41,93,217,0.429
1966-1980,1968,18,September,14,1,2,3,75,0,0.00,11,86,6.14,0.16,0.21,0.14,11,100,0.110
1966-1980,1968,19,September,25,0,4,4,54,1,0.02,12,66,2.64,0.38,0.16,0.27,22,91,0.242
1966-1980,1968,20,September,260,5,83,88,490,5,0.01,89,579,2.23,0.45,0.34,0.31,177,839,0.211
1966-1980,1968,22,September,236,2,4,6,343,43,0.13,41,384,1.63,0.61,0.03,0.38,273,620,0.440
1966-1980,1968,26,September,7,0,0,0,84,30,0.36,14,98,14.00,0.07,0.00,0.07,37,105,0.352
1966-1980,1968,28,September,163,0,0,0,973,550,0.57,304,"1,277",7.83,0.13,0.00,0.11,713,1440,0.495
1966-1980,1968,28,October,18,0,0,0,530,230,0.43,308,838,46.56,0.02,0.00,0.02,248,856,0.290
1966-1980,1969,22,September,1380,41,546,587,422,0,0.00,108,530,0.38,2.60,0.43,0.72,793,1910,0.415
1966-1980,1969,26,September,97,0,3,3,13,5,0.38,63,76,0.78,1.28,0.03,0.56,99,173,0.572
1966-1980,1969,28,September,51,0,6,6,10,1,0.10,50,60,1.18,0.85,0.12,0.46,46,111,0.414
1966-1980,1969,30,September,189,0,0,0,113,76,0.67,578,691,3.66,0.27,0.00,0.21,265,880,0.301
1966-1980,1970,20,September,342,0,1,1,409,33,0.08,12,421,1.23,0.81,0.00,0.45,374,763,0.490
1966-1980,1970,22,September,471,0,7,7,812,111,0.14,23,835,1.77,0.56,0.01,0.36,575,1306,0.440
1966-1980,1970,22,October,142,6,0,6,202,9,0.04,6,208,1.46,0.68,0.04,0.41,145,350,0.414
1966-1980,1970,24,October,135,0,0,0,68,46,0.68,173,241,1.79,0.56,0.00,0.36,181,376,0.481
1966-1980,1970,28,September,89,0,0,0,59,8,0.14,8,67,0.75,1.33,0.00,0.57,97,156,0.622
1966-1980,1970,28,October,163,1,0,1,144,11,0.08,68,212,1.30,0.77,0.01,0.43,173,375,0.461
1966-1980,1970,30,September,200,0,1,1,135,33,0.24,88,223,1.12,0.90,0.01,0.47,232,423,0.548
1966-1980,1970,30,October,165,2,0,2,79,12,0.15,21,100,0.61,1.65,0.01,0.62,175,265,0.660
1966-1980,1971,20,September,168,32,38,70,20,0,0.00,19,39,0.23,4.31,0.42,0.81,98,207,0.473
1966-1980,1971,21,September,173,35,17,52,24,0,0.00,10,34,0.20,5.09,0.30,0.84,121,207,0.585
1966-1980,1971,22,September,590,71,100,171,118,0,0.00,45,163,0.28,3.62,0.29,0.78,419,753,0.556
1966-1980,1971,22,October,1406,336,10,346,293,0,0.00,316,609,0.43,2.31,0.25,0.70,1060,2015,0.526
1966-1980,1971,24,October,558,57,14,71,117,0,0.00,96,213,0.38,2.62,0.13,0.72,487,771,0.632
1966-1980,1971,26,October,133,1,5,6,56,1,0.02,38,94,0.71,1.41,0.05,0.59,128,227,0.564
1966-1980,1971,28,September,194,4,18,22,88,0,0.00,50,138,0.71,1.41,0.11,0.58,172,332,0.518
1966-1980,1971,28,October,419,6,12,18,190,1,0.01,87,277,0.66,1.51,0.04,0.60,402,696,0.578
1966-1980,1972,19,September,179,0,3,3,235,24,0.10,3,238,1.33,0.75,0.02,0.43,200,417,0.480
1966-1980,1972,19,October,330,0,2,2,617,76,0.12,20,637,1.93,0.52,0.01,0.34,404,967,0.418
1966-1980,1972,20,September,91,0,0,0,234,38,0.16,20,254,2.79,0.36,0.00,0.26,129,345,0.374
1966-1980,1972,21,October,319,0,0,0,294,60,0.20,20,314,0.98,1.02,0.00,0.50,379,633,0.599
1966-1980,1972,22,September,53,0,1,1,576,216,0.38,72,648,12.23,0.08,0.02,0.08,268,701,0.382
1966-1980,1972,22,October,320,0,0,0,2236,938,0.42,151,"2,387",7.46,0.13,0.00,0.12,1258,2707,0.465
1966-1980,1972,24,September,13,0,0,0,265,142,0.54,28,293,22.54,0.04,0.00,0.04,155,306,0.507
1966-1980,1972,24,October,24,0,0,0,657,403,0.61,43,700,29.17,0.03,0.00,0.03,427,724,0.590
1966-1980,1972,26,October,13,1,0,1,461,317,0.69,39,500,38.46,0.03,0.08,0.03,329,513,0.641
1966-1980,1972,30,October,33,0,0,0,366,236,0.64,31,397,12.03,0.08,0.00,0.08,269,430,0.626
1966-1980,1973,19,September,126,26,15,41,37,0,0.00,28,65,0.52,1.94,0.33,0.66,85,191,0.445
1966-1980,1973,20,October,203,9,4,13,102,0,0.00,94,196,0.97,1.04,0.06,0.51,190,399,0.476
1966-1980,1973,21,September,357,39,48,87,79,0,0.00,46,125,0.35,2.86,0.24,0.74,270,482,0.560
1966-1980,1973,22,September,382,64,19,83,51,1,0.02,84,135,0.35,2.83,0.22,0.74,300,517,0.580
1966-1980,1973,22,October,947,256,8,264,565,2,0.00,28,593,0.63,1.60,0.28,0.61,685,1540,0.445
1966-1980,1973,24,September,92,0,0,0,106,35,0.33,13,119,1.29,0.77,0.00,0.44,127,211,0.602
1966-1980,1973,24,October,192,0,0,0,353,86,0.24,12,365,1.90,0.53,0.00,0.34,278,557,0.499
1966-1980,1974,19,September,136,4,13,17,87,12,0.14,197,284,2.09,0.48,0.13,0.32,131,420,0.312
1966-1980,1974,20,October,374,49,47,96,36,0,0.00,22,58,0.16,6.45,0.26,0.87,278,432,0.644
1966-1980,1974,21,October,388,84,25,109,66,0,0.00,20,86,0.22,4.51,0.28,0.82,279,474,0.589
1966-1980,1974,22,September,266,29,13,42,119,2,0.02,14,133,0.50,2.00,0.16,0.67,226,399,0.566
1966-1980,1974,22,October,1119,160,25,185,357,0,0.00,61,418,0.37,2.68,0.17,0.73,934,1537,0.608
1966-1980,1975,18,October,135,25,9,34,162,1,0.01,19,181,1.34,0.75,0.25,0.43,102,316,0.323
1966-1980,1975,20,October,139,7,3,10,33,0,0.00,7,40,0.29,3.48,0.07,0.78,129,179,0.721
1966-1980,1975,21,September,316,4,9,13,34,2,0.06,95,129,0.41,2.45,0.04,0.71,305,445,0.685
1966-1980,1975,22,September,394,31,24,55,162,0,0.00,11,173,0.44,2.28,0.14,0.69,339,567,0.598
1966-1980,1975,22,October,1085,87,2,89,477,5,0.01,109,586,0.54,1.85,0.08,0.65,1001,1671,0.599
1966-1980,1975,24,September,135,8,5,13,124,2,0.02,40,164,1.21,0.82,0.10,0.45,124,299,0.415
1966-1980,1975,24,October,21,5,0,5,70,3,0.04,8,78,3.71,0.27,0.24,0.21,19,99,0.192
1966-1980,1975,28,September,53,0,0,0,100,26,0.26,64,164,3.09,0.32,0.00,0.24,79,217,0.364
1966-1980,1975,28,October,7,0,1,1,65,13,0.20,36,101,14.43,0.07,0.14,0.06,19,108,0.176
1966-1980,1975,29,September,28,0,0,0,30,9,0.30,27,57,2.04,0.49,0.00,0.33,37,85,0.435
1966-1980,1975,30,September,187,0,0,0,86,25,0.29,61,147,0.79,1.27,0.00,0.56,212,334,0.635
1966-1980,1975,30,October,517,11,0,11,209,53,0.25,103,312,0.60,1.66,0.02,0.62,559,829,0.674
1966-1980,1976,20,October,300,75,15,90,89,0,0.00,15,104,0.35,2.88,0.30,0.74,210,404,0.520
1966-1980,1976,21,September,222,8,39,47,63,1,0.02,15,78,0.35,2.85,0.21,0.74,176,300,0.587
1966-1980,1976,21,October,98,7,10,17,49,4,0.08,14,63,0.64,1.56,0.17,0.61,85,161,0.528
1966-1980,1976,22,September,302,1,29,30,116,4,0.03,84,200,0.66,1.51,0.10,0.60,276,502,0.550
1966-1980,1976,22,October,854,81,38,119,380,14,0.04,121,501,0.59,1.70,0.14,0.63,749,1355,0.553
1966-1980,1976,26,September,80,0,0,0,72,60,0.83,179,251,3.14,0.32,0.00,0.24,140,331,0.423
1966-1980,1976,28,September,44,0,0,0,19,10,0.53,44,63,1.43,0.70,0.00,0.41,54,107,0.505
1966-1980,1976,28,October,78,0,0,0,48,8,0.17,56,104,1.33,0.75,0.00,0.43,86,182,0.473
1966-1980,1976,29,September,51,0,0,0,25,10,0.40,27,52,1.02,0.98,0.00,0.50,61,103,0.592
1966-1980,1976,29,October,141,0,1,1,33,13,0.39,33,66,0.47,2.14,0.01,0.68,153,207,0.739
1966-1980,1976,30,September,43,0,0,0,47,12,0.26,23,70,1.63,0.61,0.00,0.38,55,113,0.487
1966-1980,1977,19,September,131,0,3,3,230,32,0.14,39,269,2.05,0.49,0.02,0.33,160,400,0.400
1966-1980,1977,19,October,202,8,8,16,349,18,0.05,43,392,1.94,0.52,0.08,0.34,204,594,0.343
1966-1980,1977,20,September,46,0,2,2,121,7,0.06,33,154,3.35,0.30,0.04,0.23,51,200,0.255
1966-1980,1977,20,October,166,0,0,0,187,21,0.11,52,239,1.44,0.69,0.00,0.41,187,405,0.462
1966-1980,1977,21,September,18,0,0,0,64,17,0.27,18,82,4.56,0.22,0.00,0.18,35,100,0.350
1966-1980,1977,21,October,157,2,2,4,378,38,0.10,62,440,2.80,0.36,0.03,0.26,191,597,0.320
1966-1980,1977,22,September,241,0,3,3,452,121,0.27,203,655,2.72,0.37,0.01,0.27,359,896,0.401
1966-1980,1977,22,October,275,3,9,12,505,59,0.12,116,621,2.26,0.44,0.04,0.31,322,896,0.359
1966-1980,1977,28,October,13,0,0,0,80,73,0.91,160,240,18.46,0.05,0.00,0.05,86,253,0.340
1966-1980,1977,29,September,0,0,0,0,52,16,0.31,43,95,#DIV/0!,0.00,#DIV/0!,0.00,16,95,0.168
1966-1980,1977,29,October,8,0,0,0,63,29,0.46,29,92,11.50,0.09,0.00,0.08,37,100,0.370
1966-1980,1977,30,September,64,0,0,0,181,69,0.38,51,232,3.63,0.28,0.00,0.22,133,296,0.449
1966-1980,1977,32,September,56,0,7,7,104,33,0.32,53,157,2.80,0.36,0.13,0.26,82,213,0.385
1966-1980,1978,18,October,255,0,2,2,158,32,0.20,91,249,0.98,1.02,0.01,0.51,285,504,0.565
1966-1980,1978,19,September,212,1,12,13,143,12,0.08,46,189,0.89,1.12,0.06,0.53,211,401,0.526
1966-1980,1978,19,October,86,0,1,1,50,4,0.08,64,114,1.33,0.75,0.01,0.43,89,200,0.445
1966-1980,1978,21,September,209,3,16,19,119,18,0.15,131,250,1.20,0.84,0.09,0.46,208,459,0.453
1966-1980,1978,21,October,552,11,29,40,87,7,0.08,56,143,0.26,3.86,0.07,0.79,519,695,0.747
1966-1980,1978,22,September,503,18,77,95,143,8,0.06,102,245,0.49,2.05,0.19,0.67,416,748,0.556
1966-1980,1978,22,October,696,24,23,47,220,13,0.06,296,516,0.74,1.35,0.07,0.57,662,1212,0.546
1966-1980,1978,29,September,9,0,0,0,20,10,0.50,77,97,10.78,0.09,0.00,0.08,19,106,0.179
1966-1980,1978,30,September,234,2,2,4,77,39,0.51,252,329,1.41,0.71,0.02,0.42,269,563,0.478
1966-1980,1978,32,October,73,0,0,0,22,3,0.14,15,37,0.51,1.97,0.00,0.66,76,110,0.691
1966-1980,1979,19,October,399,56,19,75,241,1,0.00,113,354,0.89,1.13,0.19,0.53,325,753,0.432
1966-1980,1979,21,September,427,53,17,70,280,5,0.02,20,300,0.70,1.42,0.16,0.59,362,727,0.498
1966-1980,1979,21,October,368,8,7,15,238,9,0.04,18,256,0.70,1.44,0.04,0.59,362,624,0.580
1966-1980,1979,22,September,176,16,9,25,228,9,0.04,21,249,1.41,0.71,0.14,0.41,160,425,0.376
1966-1980,1979,22,October,921,73,16,89,600,11,0.02,138,738,0.80,1.25,0.10,0.56,843,1659,0.508
1966-1980,1979,24,September,66,1,0,1,57,23,0.40,76,133,2.02,0.50,0.02,0.33,88,199,0.442
1966-1980,1979,24,October,47,0,0,0,27,9,0.33,16,43,0.91,1.09,0.00,0.52,56,90,0.622
1966-1980,1979,26,September,68,1,0,1,136,30,0.22,118,254,3.74,0.27,0.01,0.21,97,322,0.301
1966-1980,1979,26,October,177,3,8,11,140,50,0.36,104,244,1.38,0.73,0.06,0.42,216,421,0.513
1966-1980,1979,29,September,38,1,9,10,36,0,0.00,3,39,1.03,0.97,0.26,0.49,28,77,0.364
1966-1980,1979,29,October,77,2,12,14,23,0,0.00,2,25,0.32,3.08,0.18,0.75,63,102,0.618
1966-1980,1979,30,September,240,4,27,31,78,1,0.01,14,92,0.38,2.61,0.13,0.72,210,332,0.633
1966-1980,1979,30,October,658,0,85,85,277,5,0.02,28,305,0.46,2.16,0.13,0.68,578,963,0.600
1966-1980,1979,32,September,112,0,24,24,62,3,0.05,29,91,0.81,1.23,0.21,0.55,91,203,0.448
1966-1980,1980,18,October,379,110,52,162,216,0,0.00,44,260,0.69,1.46,0.43,0.59,217,639,0.340
1966-1980,1980,19,September,320,84,68,152,72,0,0.00,14,86,0.27,3.72,0.48,0.79,168,406,0.414
1966-1980,1980,19,October,430,97,76,173,87,0,0.00,13,100,0.23,4.30,0.40,0.81,257,530,0.485
1966-1980,1980,21,September,265,36,55,91,51,0,0.00,12,63,0.24,4.21,0.34,0.81,174,328,0.530
1966-1980,1980,21,October,433,119,28,147,61,0,0.00,7,68,0.16,6.37,0.34,0.86,286,501,0.571
1966-1980,1980,22,September,220,29,49,78,76,0,0.00,4,80,0.36,2.75,0.35,0.73,142,300,0.473
1966-1980,1980,22,October,345,108,13,121,54,0,0.00,0,54,0.16,6.39,0.35,0.86,224,399,0.561
1966-1980,1980,24,September,175,16,40,56,57,0,0.00,4,61,0.35,2.87,0.32,0.74,119,236,0.504
1966-1980,1980,24,October,28,1,5,6,11,0,0.00,2,13,0.46,2.15,0.21,0.68,22,41,0.537
1966-1980,1980,26,September,169,20,23,43,55,1,0.02,0,55,0.33,3.07,0.25,0.75,127,224,0.567
1966-1980,1980,26,October,126,18,13,31,27,1,0.04,0,27,0.21,4.67,0.25,0.82,96,153,0.627
1966-1980,1980,28,October,230,7,8,15,33,4,0.12,67,100,0.43,2.30,0.07,0.70,219,330,0.664
1966-1980,1980,30,September,217,7,20,27,88,5,0.06,4,92,0.42,2.36,0.12,0.70,195,309,0.631
1966-1980,1980,32,September,248,3,38,41,57,0,0.00,3,60,0.24,4.13,0.17,0.81,207,308,0.672
1966-1980,1980,32,October,84,5,7,12,21,0,0.00,0,21,0.25,4.00,0.14,0.80,72,105,0.686
1981-2000,1981,19,September,371,94,43,137,27,0,0.00,3,30,0.08,12.37,0.37,0.93,234,401,0.584
1981-2000,1981,19,October,213,64,19,83,59,0,0.00,1,60,0.28,3.55,0.39,0.78,130,273,0.476
1981-2000,1981,21,September,518,74,88,162,178,0,0.00,5,183,0.35,2.83,0.31,0.74,356,701,0.508
1981-2000,1981,21,October,651,176,48,224,122,0,0.00,6,128,0.20,5.09,0.34,0.84,427,779,0.548
1981-2000,1981,22,September,171,44,16,60,112,0,0.00,20,132,0.77,1.30,0.35,0.56,111,303,0.366
1981-2000,1981,22,October,559,114,18,132,280,0,0.00,50,330,0.59,1.69,0.24,0.63,427,889,0.480
1981-2000,1981,24,October,144,0,0,0,279,61,0.22,24,303,2.10,0.48,0.00,0.32,205,447,0.459
1981-2000,1981,26,September,51,1,0,1,47,0,0.00,10,57,1.12,0.89,0.02,0.47,50,108,0.463
1981-2000,1981,26,October,384,10,0,10,269,30,0.11,6,275,0.72,1.40,0.03,0.58,404,659,0.613
1981-2000,1981,28,September,55,0,0,0,48,1,0.02,7,55,1.00,1.00,0.00,0.50,56,110,0.509
1981-2000,1981,28,October,98,4,0,4,129,4,0.03,2,131,1.34,0.75,0.04,0.43,98,229,0.428
1981-2000,1982,19,September,395,85,124,209,3,0,0.00,0,3,0.01,131.67,0.53,0.99,186,398,0.467
1981-2000,1982,21,September,381,161,41,202,17,0,0.00,3,20,0.05,19.05,0.53,0.95,179,401,0.446
1981-2000,1982,21,October,184,95,25,120,17,0,0.00,9,26,0.14,7.08,0.65,0.88,64,210,0.305
1981-2000,1982,22,September,313,90,28,118,34,0,0.00,63,97,0.31,3.23,0.38,0.76,195,410,0.476
1981-2000,1982,22,October,117,64,1,65,12,0,0.00,13,25,0.21,4.68,0.56,0.82,52,142,0.366
1981-2000,1982,28,September,80,29,15,44,19,0,0.00,10,29,0.36,2.76,0.55,0.73,36,109,0.330
1981-2000,1982,28,October,428,144,29,173,100,0,0.00,19,119,0.28,3.60,0.40,0.78,255,547,0.466
1981-2000,1983,19,September,7,0,0,0,58,15,0.26,37,95,13.57,0.07,0.00,0.07,22,102,0.216
1981-2000,1983,28,October,154,1,4,5,44,3,0.07,50,94,0.61,1.64,0.03,0.62,152,248,0.613
1981-2000,1984,18,October,190,6,2,8,113,0,0.00,3,116,0.61,1.64,0.04,0.62,182,306,0.595
1981-2000,1984,19,September,149,6,18,24,186,0,0.00,64,250,1.68,0.60,0.16,0.37,125,399,0.313
1981-2000,1984,21,September,358,145,25,170,18,0,0.00,3,21,0.06,17.05,0.47,0.94,188,379,0.496
1981-2000,1984,21,October,207,44,2,46,149,0,0.00,26,175,0.85,1.18,0.22,0.54,161,382,0.421
1981-2000,1984,22,September,315,184,13,197,24,0,0.00,6,30,0.10,10.50,0.63,0.91,118,345,0.342
1981-2000,1984,26,September,77,1,0,1,67,0,0.00,5,72,0.94,1.07,0.01,0.52,76,149,0.510
1981-2000,1984,26,October,620,57,19,76,486,1,0.00,111,597,0.96,1.04,0.12,0.51,545,1217,0.448
1981-2000,1985,19,September,219,30,11,41,130,3,0.02,19,149,0.68,1.47,0.19,0.60,181,368,0.492
1981-2000,1985,21,September,422,105,62,167,50,0,0.00,20,70,0.17,6.03,0.40,0.86,255,492,0.518
1981-2000,1985,21,October,412,167,40,207,97,0,0.00,9,106,0.26,3.89,0.50,0.80,205,518,0.396
1981-2000,1985,22,September,244,57,9,66,55,0,0.00,1,56,0.23,4.36,0.27,0.81,178,300,0.593
1981-2000,1985,28,October,135,50,0,50,62,0,0.00,1,63,0.47,2.14,0.37,0.68,85,198,0.429
1981-2000,1986,19,September,334,119,35,154,15,0,0.00,0,15,0.04,22.27,0.46,0.96,180,349,0.516
1981-2000,1986,19,October,390,168,33,201,57,0,0.00,3,60,0.15,6.50,0.52,0.87,189,450,0.420
1981-2000,1986,21,September,341,101,31,132,52,0,0.00,18,70,0.21,4.87,0.39,0.83,209,411,0.509
1981-2000,1986,21,October,436,163,21,184,75,0,0.00,4,79,0.18,5.52,0.42,0.85,252,515,0.489
1981-2000,1986,22,September,349,93,33,126,72,0,0.00,31,103,0.30,3.39,0.36,0.77,223,452,0.493
1981-2000,1986,22,October,453,90,17,107,143,0,0.00,21,164,0.36,2.76,0.24,0.73,346,617,0.561
1981-2000,1986,24,September,209,20,7,27,84,0,0.00,7,91,0.44,2.30,0.13,0.70,182,300,0.607
1981-2000,1986,26,September,124,6,0,6,56,2,0.04,21,77,0.62,1.61,0.05,0.62,120,201,0.597
1981-2000,1986,26,October,399,8,0,8,178,1,0.01,11,189,0.47,2.11,0.02,0.68,392,588,0.667
1981-2000,1986,28,September,52,3,3,6,49,0,0.00,0,49,0.94,1.06,0.12,0.51,46,101,0.455
1981-2000,1986,28,October,409,16,3,19,242,3,0.01,55,297,0.73,1.38,0.05,0.58,393,706,0.557
1981-2000,1987,19,September,309,115,51,166,35,0,0.00,2,37,0.12,8.35,0.54,0.89,143,346,0.413
1981-2000,1987,19,October,133,64,1,65,25,0,0.00,4,29,0.22,4.59,0.49,0.82,68,162,0.420
1981-2000,1987,21,September,310,94,33,127,55,0,0.00,2,57,0.18,5.44,0.41,0.84,183,367,0.499
1981-2000,1987,21,October,537,217,21,238,43,0,0.00,2,45,0.08,11.93,0.44,0.92,299,582,0.514
1981-2000,1987,22,September,366,162,21,183,48,0,0.00,8,56,0.15,6.54,0.50,0.87,183,422,0.434
1981-2000,1987,22,October,338,157,22,179,55,0,0.00,6,61,0.18,5.54,0.53,0.85,159,399,0.398
1981-2000,1987,24,September,96,5,28,33,0,0,0.00,4,4,0.04,24.00,0.34,0.96,63,100,0.630
1981-2000,1987,26,September,79,3,18,21,15,0,0.00,6,21,0.27,3.76,0.27,0.79,58,100,0.580
1981-2000,1987,26,October,87,18,3,21,12,0,0.00,1,13,0.15,6.69,0.24,0.87,66,100,0.660
1981-2000,1987,28,September,288,86,25,111,44,0,0.00,12,56,0.19,5.14,0.39,0.84,177,344,0.515
1981-2000,1987,28,October,425,125,29,154,71,4,0.06,20,91,0.21,4.67,0.36,0.82,275,516,0.533
1981-2000,1988,19,September,366,204,31,235,23,0,0.00,9,32,0.09,11.44,0.64,0.92,131,398,0.329
1981-2000,1988,19,October,421,241,7,248,70,0,0.00,21,91,0.22,4.63,0.59,0.82,173,512,0.338
1981-2000,1988,20,October,478,205,17,222,9,0,0.00,0,9,0.02,53.11,0.46,0.98,256,487,0.526
1981-2000,1988,21,September,375,140,37,177,24,0,0.00,0,24,0.06,15.63,0.47,0.94,198,399,0.496
1981-2000,1988,21,October,741,386,11,397,36,0,0.00,3,39,0.05,19.00,0.54,0.95,344,780,0.441
1981-2000,1988,22,September,224,82,29,111,52,0,0.00,12,64,0.29,3.50,0.50,0.78,113,288,0.392
1981-2000,1988,22,October,492,188,15,203,95,0,0.00,3,98,0.20,5.02,0.41,0.83,289,590,0.490
1981-2000,1988,24,September,362,84,57,141,39,0,0.00,0,39,0.11,9.28,0.39,0.90,221,401,0.551
1981-2000,1988,24,October,714,174,40,214,72,0,0.00,9,81,0.11,8.81,0.30,0.90,500,795,0.629
1981-2000,1988,26,September,139,8,15,23,60,0,0.00,1,61,0.44,2.28,0.17,0.70,116,200,0.580
1981-2000,1988,26,October,280,80,15,95,19,0,0.00,1,20,0.07,14.00,0.34,0.93,185,300,0.617
1981-2000,1988,28,September,252,63,19,82,48,0,0.00,2,50,0.20,5.04,0.33,0.83,170,302,0.563
1981-2000,1988,28,October,761,225,3,228,131,0,0.00,9,140,0.18,5.44,0.30,0.84,533,901,0.592
1981-2000,1989,19,September,378,112,46,158,23,0,0.00,0,23,0.06,16.43,0.42,0.94,220,401,0.549
1981-2000,1989,19,October,419,138,16,154,70,0,0.00,7,77,0.18,5.44,0.37,0.84,265,496,0.534
1981-2000,1989,20,September,125,25,10,35,74,0,0.00,0,74,0.59,1.69,0.28,0.63,90,199,0.452
1981-2000,1989,20,October,450,94,20,114,150,0,0.00,4,154,0.34,2.92,0.25,0.75,336,604,0.556
1981-2000,1989,21,September,359,49,22,71,42,0,0.00,0,42,0.12,8.55,0.20,0.90,288,401,0.718
1981-2000,1989,21,October,477,98,19,117,122,0,0.00,6,128,0.27,3.73,0.25,0.79,360,605,0.595
1981-2000,1989,22,September,231,43,17,60,69,0,0.00,1,70,0.30,3.30,0.26,0.77,171,301,0.568
1981-2000,1989,22,October,484,114,8,122,109,0,0.00,4,113,0.23,4.28,0.25,0.81,362,597,0.606
1981-2000,1989,24,September,489,58,19,77,108,1,0.01,3,111,0.23,4.41,0.16,0.82,413,600,0.688
1981-2000,1989,24,October,824,105,13,118,175,0,0.00,4,179,0.22,4.60,0.14,0.82,706,1003,0.704
1981-2000,1989,26,September,344,33,3,36,147,1,0.01,8,155,0.45,2.22,0.10,0.69,309,499,0.619
1981-2000,1989,26,October,399,34,0,34,99,6,0.06,1,100,0.25,3.99,0.09,0.80,371,499,0.743
1981-2000,1989,28,September,300,26,2,28,99,2,0.02,2,101,0.34,2.97,0.09,0.75,274,401,0.683
1981-2000,1989,28,October,428,43,1,44,171,0,0.00,1,172,0.40,2.49,0.10,0.71,384,600,0.640
1981-2000,1990,19,September,98,0,0,0,301,111,0.37,9,310,3.16,0.32,0.00,0.24,209,408,0.512
1981-2000,1990,19,October,169,1,0,1,313,93,0.30,8,321,1.90,0.53,0.01,0.34,261,490,0.533
1981-2000,1990,20,September,94,1,2,3,157,67,0.43,0,157,1.67,0.60,0.03,0.37,158,251,0.629
1981-2000,1990,20,October,158,2,1,3,570,225,0.39,5,575,3.64,0.27,0.02,0.22,380,733,0.518
1981-2000,1990,21,September,49,0,1,1,339,129,0.38,4,343,7.00,0.14,0.02,0.13,177,392,0.452
1981-2000,1990,21,October,190,0,0,0,484,176,0.36,2,486,2.56,0.39,0.00,0.28,366,676,0.541
1981-2000,1990,22,September,75,0,0,0,315,114,0.36,14,329,4.39,0.23,0.00,0.19,189,404,0.468
1981-2000,1990,22,October,64,0,0,0,326,149,0.46,7,333,5.20,0.19,0.00,0.16,213,397,0.537
1981-2000,1990,24,September,52,0,1,1,544,253,0.47,4,548,10.54,0.09,0.02,0.09,304,600,0.507
1981-2000,1990,24,October,179,2,0,2,723,318,0.44,2,725,4.05,0.25,0.01,0.20,495,904,0.548
1981-2000,1990,26,September,44,0,0,0,57,23,0.40,0,57,1.30,0.77,0.00,0.44,67,101,0.663
1981-2000,1990,26,October,59,0,0,0,239,119,0.50,3,242,4.10,0.24,0.00,0.20,178,301,0.591
1981-2000,1990,28,September,40,7,1,8,60,6,0.10,0,60,1.50,0.67,0.20,0.40,38,100,0.380
1981-2000,1990,28,October,138,1,0,1,240,41,0.17,0,240,1.74,0.58,0.01,0.37,178,378,0.471
1981-2000,1991,19,September,415,118,32,150,32,1,0.03,36,68,0.16,6.10,0.36,0.86,266,483,0.551
1981-2000,1991,19,October,617,157,23,180,68,0,0.00,35,103,0.17,5.99,0.29,0.86,437,720,0.607
1981-2000,1991,20,September,370,68,28,96,12,0,0.00,9,21,0.06,17.62,0.26,0.95,274,391,0.701
1981-2000,1991,20,October,395,122,13,135,29,0,0.00,22,51,0.13,7.75,0.34,0.89,260,446,0.583
1981-2000,1991,21,September,662,162,58,220,23,0,0.00,36,59,0.09,11.22,0.33,0.92,442,721,0.613
1981-2000,1991,21,October,276,97,17,114,14,0,0.00,10,24,0.09,11.50,0.41,0.92,162,300,0.540
1981-2000,1991,22,September,606,143,51,194,33,0,0.00,69,102,0.17,5.94,0.32,0.86,412,708,0.582
1981-2000,1991,22,October,887,342,80,422,24,0,0.00,10,34,0.04,26.09,0.48,0.96,465,921,0.505
1981-2000,1992,18,October,305,152,24,176,8,0,0.00,1,9,0.03,33.89,0.58,0.97,129,314,0.411
1981-2000,1992,19,September,396,136,42,178,26,0,0.00,1,27,0.07,14.67,0.45,0.94,218,423,0.515
1981-2000,1992,19,October,709,399,47,446,29,0,0.00,1,30,0.04,23.63,0.63,0.96,263,739,0.356
1981-2000,1992,20,September,173,66,21,87,35,0,0.00,2,37,0.21,4.68,0.50,0.82,86,210,0.410
1981-2000,1992,20,October,692,248,39,287,29,0,0.00,6,35,0.05,19.77,0.41,0.95,405,727,0.557
1981-2000,1992,21,September,487,148,54,202,35,0,0.00,4,39,0.08,12.49,0.41,0.93,285,526,0.542
1981-2000,1992,21,October,609,220,46,266,17,0,0.00,0,17,0.03,35.82,0.44,0.97,343,626,0.548
1981-2000,1992,22,September,871,266,68,334,38,0,0.00,2,40,0.05,21.78,0.38,0.96,537,911,0.589
1981-2000,1992,22,October,885,387,78,465,115,0,0.00,6,121,0.14,7.31,0.53,0.88,420,1006,0.417
1981-2000,1992,26,September,355,100,12,112,146,0,0.00,7,153,0.43,2.32,0.32,0.70,243,508,0.478
1981-2000,1992,26,October,205,66,1,67,8,0,0.00,0,8,0.04,25.63,0.33,0.96,138,213,0.648
1981-2000,1992,28,September,86,13,5,18,16,0,0.00,0,16,0.19,5.38,0.21,0.84,68,102,0.667
1981-2000,1993,18,September,48,1,2,3,56,7,0.13,4,60,1.25,0.80,0.06,0.44,52,108,0.481
1981-2000,1993,19,October,162,1,1,2,193,15,0.08,12,205,1.27,0.79,0.01,0.44,175,367,0.477
1981-2000,1993,20,September,26,1,5,6,79,9,0.11,2,81,3.12,0.32,0.23,0.24,29,107,0.271
1981-2000,1993,20,October,262,6,7,13,167,6,0.04,0,167,0.64,1.57,0.05,0.61,255,429,0.594
1981-2000,1993,21,September,187,4,9,13,126,22,0.17,0,126,0.67,1.48,0.07,0.60,196,313,0.626
1981-2000,1993,21,October,313,3,1,4,448,78,0.17,2,450,1.44,0.70,0.01,0.41,387,763,0.507
1981-2000,1993,22,September,475,3,6,9,615,172,0.28,6,621,1.31,0.76,0.02,0.43,638,1096,0.582
1981-2000,1993,22,October,192,5,4,9,318,45,0.14,6,324,1.69,0.59,0.05,0.37,228,516,0.442
1981-2000,1993,28,September,99,0,0,0,284,104,0.37,16,300,3.03,0.33,0.00,0.25,203,399,0.509
1981-2000,1994,19,September,361,139,40,179,22,0,0.00,50,72,0.20,5.01,0.50,0.83,182,433,0.420
1981-2000,1994,19,October,514,235,26,261,37,0,0.00,19,56,0.11,9.18,0.51,0.90,253,570,0.444
1981-2000,1994,20,September,401,113,29,142,13,0,0.00,20,33,0.08,12.15,0.35,0.92,259,434,0.597
1981-2000,1994,20,October,92,39,1,40,9,0,0.00,4,13,0.14,7.08,0.43,0.88,52,105,0.495
1981-2000,1994,21,September,362,87,33,120,30,0,0.00,41,71,0.20,5.10,0.33,0.84,242,433,0.559
1981-2000,1994,21,October,425,163,30,193,21,0,0.00,7,28,0.07,15.18,0.45,0.94,232,453,0.512
1981-2000,1994,22,September,456,105,45,150,24,0,0.00,24,48,0.11,9.50,0.33,0.90,306,504,0.607
1981-2000,1994,22,October,175,45,15,60,20,0,0.00,13,33,0.19,5.30,0.34,0.84,115,208,0.553
1981-2000,1994,26,October,431,78,24,102,44,0,0.00,25,69,0.16,6.25,0.24,0.86,329,500,0.658
1981-2000,1995,18,October,66,18,14,32,41,0,0.00,3,44,0.67,1.50,0.48,0.60,34,110,0.309
1981-2000,1995,19,September,43,2,5,7,50,1,0.02,6,56,1.30,0.77,0.16,0.43,37,99,0.374
1981-2000,1995,19,October,150,5,4,9,146,1,0.01,32,178,1.19,0.84,0.06,0.46,142,328,0.433
1981-2000,1995,21,September,147,5,8,13,71,1,0.01,0,71,0.48,2.07,0.09,0.67,135,218,0.619
1981-2000,1995,21,October,274,25,10,35,259,1,0.00,16,275,1.00,1.00,0.13,0.50,240,549,0.437
1981-2000,1995,22,September,73,0,1,1,35,2,0.06,0,35,0.48,2.09,0.01,0.68,74,108,0.685
1981-2000,1995,22,October,163,8,3,11,183,9,0.05,4,187,1.15,0.87,0.07,0.47,161,350,0.460
1981-2000,1995,28,October,618,200,29,229,164,4,0.02,2,166,0.27,3.72,0.37,0.79,393,784,0.501
1981-2000,1996,18,October,114,37,11,48,3,0,0.00,1,4,0.04,28.50,0.42,0.97,66,118,0.559
1981-2000,1996,20,September,198,73,27,100,10,0,0.00,0,10,0.05,19.80,0.51,0.95,98,208,0.471
1981-2000,1996,20,October,109,49,10,59,12,0,0.00,4,16,0.15,6.81,0.54,0.87,50,125,0.400
1981-2000,1996,21,September,310,94,42,136,20,0,0.00,2,22,0.07,14.09,0.44,0.93,174,332,0.524
1981-2000,1996,21,October,105,42,9,51,6,0,0.00,0,6,0.06,17.50,0.49,0.95,54,111,0.486
1981-2000,1996,22,September,634,204,62,266,42,0,0.00,34,76,0.12,8.34,0.42,0.89,368,710,0.518
1981-2000,1996,22,October,268,76,5,81,40,0,0.00,0,40,0.15,6.70,0.30,0.87,187,308,0.607
1981-2000,1996,28,September,548,221,9,230,208,0,0.00,11,219,0.40,2.50,0.42,0.71,318,767,0.415
1981-2000,1996,28,October,482,141,57,198,2,0,0.00,1,3,0.01,160.67,0.41,0.99,284,485,0.586
1981-2000,1997,18,September,323,115,97,212,6,0,0.00,0,6,0.02,53.83,0.66,0.98,111,329,0.337
1981-2000,1997,18,October,331,198,15,213,95,0,0.00,7,102,0.31,3.25,0.64,0.76,118,433,0.273
1981-2000,1997,19,September,46,16,9,25,49,0,0.00,14,63,1.37,0.73,0.54,0.42,21,109,0.193
1981-2000,1997,20,September,92,46,12,58,7,0,0.00,0,7,0.08,13.14,0.63,0.93,34,99,0.343
1981-2000,1997,20,October,109,49,12,61,2,0,0.00,0,2,0.02,54.50,0.56,0.98,48,111,0.432
1981-2000,1997,21,September,99,24,22,46,8,0,0.00,0,8,0.08,12.38,0.46,0.93,53,107,0.495
1981-2000,1997,21,October,180,68,16,84,43,0,0.00,5,48,0.27,3.75,0.47,0.79,96,228,0.421
1981-2000,1997,22,September,551,174,91,265,85,0,0.00,4,89,0.16,6.19,0.48,0.86,286,640,0.447
1981-2000,1997,22,October,549,216,25,241,85,0,0.00,3,88,0.16,6.24,0.44,0.86,308,637,0.484
1981-2000,1997,26,October,108,20,3,23,91,1,0.01,1,92,0.85,1.17,0.21,0.54,86,200,0.430
1981-2000,1997,28,September,314,37,6,43,175,1,0.01,11,186,0.59,1.69,0.14,0.63,272,500,0.544
1981-2000,1997,28,October,362,40,1,41,86,2,0.02,2,88,0.24,4.11,0.11,0.80,323,450,0.718
1981-2000,1998,19,September,40,0,4,4,66,0,0.00,5,71,1.78,0.56,0.10,0.36,36,111,0.324
1981-2000,1998,19,October,51,3,10,13,55,0,0.00,4,59,1.16,0.86,0.25,0.46,38,110,0.345
1981-2000,1998,21,October,72,2,12,14,34,0,0.00,0,34,0.47,2.12,0.19,0.68,58,106,0.547
1981-2000,1998,22,September,316,35,86,121,112,0,0.00,6,118,0.37,2.68,0.38,0.73,195,434,0.449
1981-2000,1998,24,September,709,240,81,321,1,0,0.00,0,1,0.00,709.00,0.45,1.00,388,710,0.546
1981-2000,1998,24,October,76,7,1,8,50,0,0.00,0,50,0.66,1.52,0.11,0.60,68,126,0.540
1981-2000,1998,26,September,264,27,36,63,128,2,0.02,8,136,0.52,1.94,0.24,0.66,203,400,0.508
1981-2000,1998,28,September,356,13,17,30,330,6,0.02,0,330,0.93,1.08,0.08,0.52,332,686,0.484
1981-2000,1999,18,October,277,42,108,150,40,0,0.00,4,44,0.16,6.30,0.54,0.86,127,321,0.396
1981-2000,1999,19,September,107,39,25,64,1,0,0.00,0,1,0.01,107.00,0.60,0.99,43,108,0.398
1981-2000,1999,19,October,217,20,101,121,7,0,0.00,0,7,0.03,31.00,0.56,0.97,96,224,0.429
1981-2000,1999,20,September,203,29,96,125,6,0,0.00,2,8,0.04,25.38,0.62,0.96,78,211,0.370
1981-2000,1999,21,September,386,89,101,190,18,0,0.00,2,20,0.05,19.30,0.49,0.95,196,406,0.483
1981-2000,1999,21,October,278,38,97,135,46,0,0.00,1,47,0.17,5.91,0.49,0.86,143,325,0.440
1981-2000,1999,22,September,160,36,74,110,35,0,0.00,9,44,0.28,3.64,0.69,0.78,50,204,0.245
1981-2000,1999,24,September,581,195,62,257,19,0,0.00,0,19,0.03,30.58,0.44,0.97,324,600,0.540
1981-2000,1999,24,October,383,169,24,193,9,0,0.00,0,9,0.02,42.56,0.50,0.98,190,392,0.485
1981-2000,1999,26,September,870,323,188,511,48,0,0.00,2,50,0.06,17.40,0.59,0.95,359,920,0.390
1981-2000,1999,26,October,96,47,0,47,4,0,0.00,0,4,0.04,24.00,0.49,0.96,49,100,0.490
1981-2000,1999,28,September,337,183,4,187,63,0,0.00,14,77,0.23,4.38,0.55,0.81,150,414,0.362
1981-2000,1999,28,October,809,399,5,404,68,0,0.00,8,76,0.09,10.64,0.50,0.91,405,885,0.458
1981-2000,2000,21,September,87,0,20,20,21,0,0.00,2,23,0.26,3.78,0.23,0.79,67,110,0.609
1981-2000,2000,22,September,226,6,64,70,99,0,0.00,3,102,0.45,2.22,0.31,0.69,156,328,0.476
1981-2000,2000,24,September,489,37,63,100,122,1,0.01,0,122,0.25,4.01,0.20,0.80,390,611,0.638
1981-2000,2000,24,October,501,116,46,162,186,0,0.00,5,191,0.38,2.62,0.32,0.72,339,692,0.490
1981-2000,2000,26,September,767,179,63,242,227,0,0.00,5,232,0.30,3.31,0.32,0.77,525,999,0.526
1981-2000,2000,26,October,611,148,17,165,288,0,0.00,2,290,0.47,2.11,0.27,0.68,446,901,0.495
1981-2000,2000,28,September,382,89,41,130,119,0,0.00,0,119,0.31,3.21,0.34,0.76,252,501,0.503
1981-2000,2000,28,October,831,208,5,213,173,0,0.00,2,175,0.21,4.75,0.26,0.83,618,1006,0.614
2001-2018,2001,22,September,79,18,12,30,18,0,0.00,3,21,0.27,3.76,0.38,0.79,49,100,0.490
2001-2018,2001,22,October,255,60,94,154,35,0,0.00,1,36,0.14,7.08,0.60,0.88,101,291,0.347
2001-2018,2001,24,September,519,150,50,200,132,0,0.00,49,181,0.35,2.87,0.39,0.74,319,700,0.456
2001-2018,2001,26,September,71,6,4,10,27,3,0.11,2,29,0.41,2.45,0.14,0.71,64,100,0.640
2001-2018,2001,26,October,225,51,9,60,124,7,0.06,41,165,0.73,1.36,0.27,0.58,172,390,0.441
2001-2018,2001,28,September,291,9,1,10,264,25,0.09,43,307,1.05,0.95,0.03,0.49,306,598,0.512
2001-2018,2001,28,October,296,18,0,18,258,9,0.03,38,296,1.00,1.00,0.06,0.50,287,592,0.485
2001-2018,2002,18,September,93,29,18,47,4,0,0.00,1,5,0.05,18.60,0.51,0.95,46,98,0.469
2001-2018,2002,22,September,79,3,23,26,17,0,0.00,5,22,0.28,3.59,0.33,0.78,53,101,0.525
2001-2018,2002,22,October,215,72,34,106,74,0,0.00,0,74,0.34,2.91,0.49,0.74,109,289,0.377
2001-2018,2002,24,September,536,104,115,219,110,0,0.00,52,162,0.30,3.31,0.41,0.77,317,698,0.454
2001-2018,2002,24,October,695,178,53,231,71,0,0.00,14,85,0.12,8.18,0.33,0.89,464,780,0.595
2001-2018,2002,26,September,597,130,51,181,112,0,0.00,86,198,0.33,3.02,0.30,0.75,416,795,0.523
2001-2018,2002,26,October,184,28,13,41,9,0,0.00,7,16,0.09,11.50,0.22,0.92,143,200,0.715
2001-2018,2002,28,September,73,6,26,32,17,0,0.00,10,27,0.37,2.70,0.44,0.73,41,100,0.410
2001-2018,2002,28,October,308,111,15,126,40,0,0.00,17,57,0.19,5.40,0.41,0.84,182,365,0.499
2001-2018,2002,30,September,258,61,11,72,18,0,0.00,23,41,0.16,6.29,0.28,0.86,186,299,0.622
2001-2018,2003,22,October,326,90,61,151,74,0,0.00,0,74,0.23,4.41,0.46,0.82,175,400,0.438
2001-2018,2003,26,September,441,123,28,151,158,0,0.00,2,160,0.36,2.76,0.34,0.73,290,601,0.483
2001-2018,2003,28,September,368,51,25,76,131,0,0.00,8,139,0.38,2.65,0.21,0.73,292,507,0.576
2001-2018,2003,28,October,553,130,18,148,144,0,0.00,3,147,0.27,3.76,0.27,0.79,405,700,0.579
2001-2018,2004,20,October,27,0,3,3,48,1,0.02,0,48,1.78,0.56,0.11,0.36,25,75,0.333
2001-2018,2004,22,September,405,20,29,49,290,5,0.02,3,293,0.72,1.38,0.12,0.58,361,698,0.517
2001-2018,2004,22,October,45,4,2,6,51,3,0.06,1,52,1.16,0.87,0.13,0.46,42,97,0.433
2001-2018,2004,24,October,78,5,0,5,61,0,0.00,0,61,0.78,1.28,0.06,0.56,73,139,0.525
2001-2018,2004,26,September,118,11,7,18,81,0,0.00,1,82,0.69,1.44,0.15,0.59,100,200,0.500
2001-2018,2004,26,October,135,7,1,8,64,4,0.06,0,64,0.47,2.11,0.06,0.68,131,199,0.658
2001-2018,2004,28,September,38,4,7,11,59,5,0.08,0,59,1.55,0.64,0.29,0.39,32,97,0.330
2001-2018,2004,28,October,152,4,45,49,149,7,0.05,2,151,0.99,1.01,0.32,0.50,110,303,0.363
2001-2018,2005,22,September,96,27,4,31,4,0,0.00,0,4,0.04,24.00,0.32,0.96,65,100,0.650
2001-2018,2005,24,September,970,317,36,353,21,0,0.00,6,27,0.03,35.93,0.36,0.97,617,997,0.619
2001-2018,2005,24,October,555,206,14,220,36,0,0.00,5,41,0.07,13.54,0.40,0.93,335,596,0.562
2001-2018,2005,26,September,387,113,31,144,21,0,0.00,1,22,0.06,17.59,0.37,0.95,243,409,0.594
2001-2018,2005,26,October,737,255,10,265,102,0,0.00,45,147,0.20,5.01,0.36,0.83,472,884,0.534
2001-2018,2005,28,September,653,305,36,341,34,0,0.00,15,49,0.08,13.33,0.52,0.93,312,702,0.444
2001-2018,2005,28,October,485,233,35,268,13,0,0.00,10,23,0.05,21.09,0.55,0.95,217,508,0.427
2001-2018,2006,21,September,117,0,1,1,185,34,0.18,1,186,1.59,0.63,0.01,0.39,150,303,0.495
2001-2018,2006,21,October,41,0,0,0,59,7,0.12,0,59,1.44,0.69,0.00,0.41,48,100,0.480
2001-2018,2006,22,September,163,0,0,0,402,124,0.31,10,412,2.53,0.40,0.00,0.28,287,575,0.499
2001-2018,2006,22,October,44,0,0,0,153,50,0.33,1,154,3.50,0.29,0.00,0.22,94,198,0.475
2001-2018,2006,24,September,59,0,0,0,327,191,0.58,13,340,5.76,0.17,0.00,0.15,250,399,0.627
2001-2018,2006,24,October,32,0,0,0,167,94,0.56,0,167,5.22,0.19,0.00,0.16,126,199,0.633
2001-2018,2006,26,September,66,0,1,1,334,145,0.43,0,334,5.06,0.20,0.02,0.17,210,400,0.525
2001-2018,2006,26,October,64,0,0,0,366,182,0.50,0,366,5.72,0.17,0.00,0.15,246,430,0.572
2001-2018,2006,28,September,11,0,0,0,188,41,0.22,0,188,17.09,0.06,0.00,0.06,52,199,0.261
2001-2018,2006,30,September,54,0,0,0,134,31,0.23,2,136,2.52,0.40,0.00,0.28,85,190,0.447
2001-2018,2006,32,October,167,4,10,14,234,40,0.17,0,234,1.40,0.71,0.08,0.42,193,401,0.481
2001-2018,2007,20,September,640,164,104,268,24,0,0.00,13,37,0.06,17.30,0.42,0.95,372,677,0.549
2001-2018,2007,20,October,164,44,12,56,6,0,0.00,1,7,0.04,23.43,0.34,0.96,108,171,0.632
2001-2018,2007,21,September,88,32,6,38,2,0,0.00,1,3,0.03,29.33,0.43,0.97,50,91,0.549
2001-2018,2007,21,October,211,50,5,55,13,0,0.00,2,15,0.07,14.07,0.26,0.93,156,226,0.690
2001-2018,2007,22,September,95,42,29,71,4,0,0.00,1,5,0.05,19.00,0.75,0.95,24,100,0.240
2001-2018,2007,24,September,682,129,44,173,6,0,0.00,12,18,0.03,37.89,0.25,0.97,509,700,0.727
2001-2018,2007,24,October,554,80,21,101,38,0,0.00,7,45,0.08,12.31,0.18,0.92,453,599,0.756
2001-2018,2007,26,September,304,47,31,78,51,0,0.00,43,94,0.31,3.23,0.26,0.76,226,398,0.568
2001-2018,2007,26,October,877,120,41,161,93,0,0.00,31,124,0.14,7.07,0.18,0.88,716,1001,0.715
2001-2018,2007,28,September,478,112,26,138,21,0,0.00,14,35,0.07,13.66,0.29,0.93,340,513,0.663
2001-2018,2007,28,October,189,127,3,130,10,0,0.00,2,12,0.06,15.75,0.69,0.94,59,201,0.294
2001-2018,2008,20,October,201,26,24,50,69,0,0.00,1,70,0.35,2.87,0.25,0.74,151,271,0.557
2001-2018,2008,21,September,171,19,21,40,116,0,0.00,8,124,0.73,1.38,0.23,0.58,131,295,0.444
2001-2018,2008,21,October,364,31,29,60,276,4,0.01,27,303,0.83,1.20,0.16,0.55,308,667,0.462
2001-2018,2008,22,September,248,31,39,70,140,6,0.04,1,141,0.57,1.76,0.28,0.64,184,389,0.473
2001-2018,2008,22,October,56,7,6,13,40,0,0.00,0,40,0.71,1.40,0.23,0.58,43,96,0.448
2001-2018,2008,24,September,200,2,1,3,785,210,0.27,16,801,4.01,0.25,0.02,0.20,407,1001,0.407
2001-2018,2008,24,October,76,0,0,0,221,92,0.42,4,225,2.96,0.34,0.00,0.25,168,301,0.558
2001-2018,2008,26,September,13,0,2,2,91,35,0.38,0,91,7.00,0.14,0.15,0.13,46,104,0.442
2001-2018,2008,26,October,84,0,2,2,213,98,0.46,6,219,2.61,0.38,0.02,0.28,180,303,0.594
2001-2018,2008,28,October,165,1,2,3,612,115,0.19,21,633,3.84,0.26,0.02,0.21,277,798,0.347
2001-2018,2008,30,September,45,2,2,4,241,58,0.24,14,255,5.67,0.18,0.09,0.15,99,300,0.330
2001-2018,2008,32,September,66,1,1,2,123,40,0.33,11,134,2.03,0.49,0.03,0.33,104,200,0.520
2001-2018,2009,18,September,147,32,12,44,30,0,0.00,10,40,0.27,3.68,0.30,0.79,103,187,0.551
2001-2018,2009,20,September,173,26,13,39,22,0,0.00,5,27,0.16,6.41,0.23,0.87,134,200,0.670
2001-2018,2009,20,October,232,80,3,83,12,0,0.00,6,18,0.08,12.89,0.36,0.93,149,250,0.596
2001-2018,2009,21,September,546,89,25,114,61,0,0.00,8,69,0.13,7.91,0.21,0.89,432,615,0.702
2001-2018,2009,21,October,440,132,21,153,45,0,0.00,8,53,0.12,8.30,0.35,0.89,287,493,0.582
2001-2018,2009,22,September,186,42,22,64,78,0,0.00,37,115,0.62,1.62,0.34,0.62,122,301,0.405
2001-2018,2009,22,October,491,171,32,203,87,0,0.00,22,109,0.22,4.50,0.41,0.82,288,600,0.480
2001-2018,2009,24,September,130,7,1,8,82,7,0.09,188,270,2.08,0.48,0.06,0.33,129,400,0.323
2001-2018,2009,24,October,103,12,4,16,104,17,0.16,194,298,2.89,0.35,0.16,0.26,104,401,0.259
2001-2018,2009,28,September,618,228,30,258,155,0,0.00,127,282,0.46,2.19,0.42,0.69,360,900,0.400
2001-2018,2009,28,October,87,12,3,15,10,0,0.00,3,13,0.15,6.69,0.17,0.87,72,100,0.720
2001-2018,2010,20,September,316,27,36,63,80,0,0.00,3,83,0.26,3.81,0.20,0.79,253,399,0.634
2001-2018,2010,20,October,312,71,38,109,70,0,0.00,0,70,0.22,4.46,0.35,0.82,203,382,0.531
2001-2018,2010,21,September,767,93,112,205,122,0,0.00,18,140,0.18,5.48,0.27,0.85,562,907,0.620
2001-2018,2010,21,October,537,91,85,176,62,0,0.00,4,66,0.12,8.14,0.33,0.89,361,603,0.599
2001-2018,2010,22,October,66,3,0,3,64,2,0.03,58,122,1.85,0.54,0.05,0.35,65,188,0.346
2001-2018,2010,24,October,104,17,3,20,66,0,0.00,30,96,0.92,1.08,0.19,0.52,84,200,0.420
2001-2018,2010,28,September,554,110,16,126,341,6,0.02,11,352,0.64,1.57,0.23,0.61,434,906,0.479
2001-2018,2010,28,October,168,27,1,28,33,1,0.03,1,34,0.20,4.94,0.17,0.83,141,202,0.698
2001-2018,2011,18,September,179,0,7,7,509,57,0.11,13,522,2.92,0.34,0.04,0.26,229,701,0.327
2001-2018,2011,18,October,180,1,6,7,118,16,0.14,2,120,0.67,1.50,0.04,0.60,189,300,0.630
2001-2018,2011,20,September,60,3,3,6,34,4,0.12,6,40,0.67,1.50,0.10,0.60,58,100,0.580
2001-2018,2011,20,October,151,6,23,29,49,0,0.00,2,51,0.34,2.96,0.19,0.75,122,202,0.604
2001-2018,2011,21,September,763,45,79,124,208,2,0.01,29,237,0.31,3.22,0.16,0.76,641,1000,0.641
2001-2018,2011,21,October,710,49,60,109,177,1,0.01,17,194,0.27,3.66,0.15,0.79,602,904,0.666
2001-2018,2011,22,September,399,45,44,89,187,2,0.01,11,198,0.50,2.02,0.22,0.67,312,597,0.523
2001-2018,2011,22,October,630,83,23,106,259,0,0.00,4,263,0.42,2.40,0.17,0.71,524,893,0.587
2001-2018,2011,26,September,228,18,7,25,162,4,0.02,9,171,0.75,1.33,0.11,0.57,207,399,0.519
2001-2018,2011,26,October,214,39,13,52,185,0,0.00,1,186,0.87,1.15,0.24,0.54,162,400,0.405
2001-2018,2011,28,October,119,17,2,19,69,0,0.00,14,83,0.70,1.43,0.16,0.59,100,202,0.495
2001-2018,2011,30,September,170,1,11,12,125,4,0.03,5,130,0.76,1.31,0.07,0.57,162,300,0.540
2001-2018,2011,32,September,122,2,2,4,77,10,0.13,1,78,0.64,1.56,0.03,0.61,128,200,0.640
2001-2018,2012,18,September,92,0,0,0,175,43,0.25,32,207,2.25,0.44,0.00,0.31,135,299,0.452
2001-2018,2012,18,October,315,2,2,4,615,256,0.42,63,678,2.15,0.46,0.01,0.32,567,993,0.571
2001-2018,2012,19,September,157,1,0,1,137,19,0.14,5,142,0.90,1.11,0.01,0.53,175,299,0.585
2001-2018,2012,19,October,296,2,3,5,495,99,0.20,3,498,1.68,0.59,0.02,0.37,390,794,0.491
2001-2018,2012,20,September,98,0,0,0,91,17,0.19,11,102,1.04,0.96,0.00,0.49,115,200,0.575
2001-2018,2012,21,October,36,3,1,4,61,0,0.00,2,63,1.75,0.57,0.11,0.36,32,99,0.323
2001-2018,2012,22,September,183,1,1,2,192,42,0.22,25,217,1.19,0.84,0.01,0.46,223,400,0.558
2001-2018,2012,26,September,334,24,10,34,115,3,0.03,49,164,0.49,2.04,0.10,0.67,303,498,0.608
2001-2018,2012,26,October,595,40,22,62,204,0,0.00,4,208,0.35,2.86,0.10,0.74,533,803,0.664
2001-2018,2012,28,September,360,17,26,43,226,26,0.12,14,240,0.67,1.50,0.12,0.60,343,600,0.572
2001-2018,2012,28,October,49,3,0,3,48,8,0.17,3,51,1.04,0.96,0.06,0.49,54,100,0.540
2001-2018,2012,30,September,151,12,4,16,44,0,0.00,5,49,0.32,3.08,0.11,0.76,135,200,0.675
2001-2018,2012,30,October,323,35,25,60,73,0,0.00,3,76,0.24,4.25,0.19,0.81,263,399,0.659
2001-2018,2013,18,September,144,6,16,22,301,15,0.05,34,335,2.33,0.43,0.15,0.30,137,479,0.286
2001-2018,2013,18,October,411,48,11,59,511,9,0.02,9,520,1.27,0.79,0.14,0.44,361,931,0.388
2001-2018,2013,19,September,37,0,6,6,58,4,0.07,5,63,1.70,0.59,0.16,0.37,35,100,0.350
2001-2018,2013,21,September,342,35,35,70,247,1,0.00,9,256,0.75,1.34,0.20,0.57,273,598,0.457
2001-2018,2013,21,October,262,10,0,10,115,1,0.01,5,120,0.46,2.18,0.04,0.69,253,382,0.662
2001-2018,2013,22,September,441,25,16,41,233,7,0.03,18,251,0.57,1.76,0.09,0.64,407,692,0.588
2001-2018,2013,22,October,523,34,3,37,286,1,0.00,35,321,0.61,1.63,0.07,0.62,487,844,0.577
2001-2018,2013,24,September,225,4,2,6,221,5,0.02,52,273,1.21,0.82,0.03,0.45,224,498,0.450
2001-2018,2013,26,September,185,0,4,4,203,52,0.26,8,211,1.14,0.88,0.02,0.47,233,396,0.588
2001-2018,2013,26,October,94,1,0,1,96,12,0.13,0,96,1.02,0.98,0.01,0.49,105,190,0.553
2001-2018,2013,28,September,50,0,2,2,48,16,0.33,2,50,1.00,1.00,0.04,0.50,64,100,0.640
2001-2018,2013,28,October,220,8,3,11,175,18,0.10,3,178,0.81,1.24,0.05,0.55,227,398,0.570
2001-2018,2013,30,September,365,31,9,40,424,0,0.00,7,431,1.18,0.85,0.11,0.46,325,796,0.408
2001-2018,2013,30,October,518,32,7,39,366,0,0.00,6,372,0.72,1.39,0.08,0.58,479,890,0.538
2001-2018,2014,18,September,297,3,23,26,85,1,0.01,18,103,0.35,2.88,0.09,0.74,272,400,0.680
2001-2018,2014,19,September,46,2,21,23,53,0,0.00,1,54,1.17,0.85,0.50,0.46,23,100,0.230
2001-2018,2014,21,September,666,42,53,95,53,2,0.04,78,131,0.20,5.08,0.14,0.84,573,797,0.719
2001-2018,2014,22,September,400,14,32,46,73,1,0.01,27,100,0.25,4.00,0.12,0.80,355,500,0.710
2001-2018,2014,26,September,206,12,11,23,91,0,0.00,4,95,0.46,2.17,0.11,0.68,183,301,0.608
2001-2018,2014,28,September,456,53,16,69,226,1,0.00,16,242,0.53,1.88,0.15,0.65,388,698,0.556
2001-2018,2014,30,September,410,10,6,16,249,22,0.09,40,289,0.70,1.42,0.04,0.59,416,699,0.595
2001-2018,2014,18,October,256,27,20,47,125,0,0.00,15,140,0.55,1.83,0.18,0.65,209,396,0.528
2001-2018,2014,21,October,676,109,17,126,116,0,0.00,4,120,0.18,5.63,0.19,0.85,550,796,0.691
2001-2018,2014,22,October,1094,150,39,189,82,0,0.00,17,99,0.09,11.05,0.17,0.92,905,1193,0.759
2001-2018,2014,24,October,155,10,8,18,45,0,0.00,1,46,0.30,3.37,0.12,0.77,137,201,0.682
2001-2018,2014,26,October,65,4,2,6,35,0,0.00,,35,0.54,1.86,0.09,0.65,59,100,0.590
2001-2018,2014,28,October,50,9,6,15,50,0,0.00,,50,1.00,1.00,0.30,0.50,35,100,0.350
2001-2018,2014,30,October,320,12,9,21,265,31,0.12,15,280,0.88,1.14,0.07,0.53,330,600,0.550
2001-2018,2015,18,September,215,23,35,58,129,4,0.03,3,132,0.61,1.63,0.27,0.62,161,347,0.464
2001-2018,2015,19,September,238,17,49,66,491,46,0.09,12,503,2.11,0.47,0.28,0.32,218,741,0.294
2001-2018,2015,22,September,18,,,0,81,16,0.20,1,82,4.56,0.22,0.00,0.18,34,100,0.340
2001-2018,2015,26,September,259,5,4,9,738,311,0.42,2,740,2.86,0.35,0.03,0.26,561,999,0.562
2001-2018,2015,30,September,142,4,4,8,250,55,0.22,2,252,1.77,0.56,0.06,0.36,189,394,0.480
2001-2018,2015,18,October,247,42,24,66,180,3,0.02,14,194,0.79,1.27,0.27,0.56,184,441,0.417
2001-2018,2015,21,October,174,13,13,26,230,27,0.12,1,231,1.33,0.75,0.15,0.43,175,405,0.432
2001-2018,2015,22,October,91,11,13,24,63,17,0.27,,63,0.69,1.44,0.26,0.59,84,154,0.545
2001-2018,2015,30,October,103,2,1,3,79,23,0.29,,79,0.77,1.30,0.03,0.57,123,182,0.676
2001-2018,2016,18,September,289,132,10,142,8,0,0.00,2,10,0.03,28.90,0.49,0.97,147,299,0.492
2001-2018,2016,19,September,380,168,21,189,11,0,0.00,7,18,0.05,21.11,0.50,0.95,191,398,0.480
2001-2018,2016,21,September,1334,718,47,765,41,0,0.00,10,51,0.04,26.16,0.57,0.96,569,1385,0.411
2001-2018,2016,22,September,287,136,17,153,8,0,0.00,4,12,0.04,23.92,0.53,0.96,134,299,0.448
2001-2018,2016,28,September,96,22,11,33,1,0,0.00,1,2,0.02,48.00,0.34,0.98,63,98,0.643
2001-2018,2016,30,September,779,418,36,454,12,0,0.00,1,13,0.02,59.92,0.58,0.98,325,792,0.410
2001-2018,2016,19,October,357,242,7,249,16,0,0.00,23,39,0.11,9.15,0.70,0.90,108,396,0.273
2001-2018,2016,21,October,370,173,12,185,10,0,0.00,4,14,0.04,26.43,0.50,0.96,185,384,0.482
2001-2018,2016,22,October,1966,1085,45,1130,6,0,0.00,20,26,0.01,75.62,0.57,0.99,836,1992,0.420
2001-2018,2017,18,September,90,21,22,43,2,0,0.00,,2,0.02,45.00,0.48,0.98,47,92,0.511
2001-2018,2017,19,September,410,115,62,177,83,0,0.00,1,84,0.20,4.88,0.43,0.83,233,494,0.472
2001-2018,2017,21,September,826,56,123,179,337,0,0.00,7,344,0.42,2.40,0.22,0.71,647,1170,0.553
2001-2018,2017,22,September,883,83,85,168,664,6,0.01,14,678,0.77,1.30,0.19,0.57,721,1561,0.462
2001-2018,2017,19,October,91,56,10,66,7,0,0.00,,7,0.08,13.00,0.73,0.93,25,98,0.255
2001-2018,2017,21,October,747,122,87,209,301,0,0.00,8,309,0.41,2.42,0.28,0.71,538,1056,0.509
2001-2018,2017,22,October,479,67,29,96,202,0,0.00,4,206,0.43,2.33,0.20,0.70,383,685,0.559
2001-2018,2018,18,September,510,78,135,213,73,0,0.00,17,90,0.18,5.67,0.42,0.85,297,600,0.495
2001-2018,2018,19,September,329,112,57,169,60,0,0.00,11,71,0.22,4.63,0.51,0.82,160,400,0.400
2001-2018,2018,20,September,165,75,6,81,32,0,0.00,3,35,0.21,4.71,0.49,0.83,84,200,0.420
2001-2018,2018,21,September,550,173,96,269,43,0,0.00,3,46,0.08,11.96,0.49,0.92,281,596,0.471
2001-2018,2018,22,September,448,154,79,233,38,0,0.00,14,52,0.12,8.62,0.52,0.90,215,500,0.430
2001-2018,2018,24,September,336,122,49,171,59,0,0.00,5,64,0.19,5.25,0.51,0.84,165,400,0.413
2001-2018,2018,18,October,618,195,70,265,79,0,0.00,18,97,0.16,6.37,0.43,0.86,353,715,0.494
2001-2018,2018,19,October,474,188,41,229,56,0,0.00,8,64,0.14,7.41,0.48,0.88,245,538,0.455
2001-2018,2018,20,October,92,32,,32,5,0,0.00,1,6,0.07,15.33,0.35,0.94,60,98,0.612
2001-2018,2018,21,October,264,63,75,138,20,0,0.00,2,22,0.08,12.00,0.52,0.92,126,286,0.441
2001-2018,2018,22,October,435,163,37,200,31,0,0.00,14,45,0.10,9.67,0.46,0.91,235,480,0.490
2001-2018,2018,24,October,166,46,24,70,29,0,0.00,3,32,0.19,5.19,0.42,0.84,96,198,0.485
